VTeam-1
Gandasiri vivek  vivekgandhasiri@gmail.com  1    
K Shiva Kiran  koninty.shivakiran@tutanota.com  1    
Sai Teja Varma Rameti  saitejavarmarameti@gmail.com  1    
Afrah Minhaj  afrahminhaj65219@gmail.com  1    
ORUGANTI KRISHNAVENI  krishnavenioruganti8@gmail.com  1

Team-2
Shinde Santhosh  shindesanthosh111@gmail.com    and
Nalla Ashok  ashoknalla99@gmail.com    
Surya Pratap  suryapratap9485@gmail.com    
Anvita Lekha Navuluri  ugs19064_cse.anvita@cbit.org.in    HarikaNallapati  nharikachowdary04@gmail.com    
  
Team-3
Koppula Sai Charan koppulasaicharan001@gmail.com    
Sanan Moinuddin mohammedsanan18@gmail.com 
Mohammed Asim ugs19035_cse.mohammed@cbit.org.in 
Revu Sai Roopa Amrutha amruthar0109@gmail.com    
Ragiri Maheshwari maheshwar0711@gmail.com    

Team-4
manda tarun,  tarunmanda07@gmail.com    
V.Lokesh   lokeshveeramalla7@gmail.com    
BEJGAM NITHIN SAI,  nithinsaibejgam@gmail.com    
ananya reddy vudumula,  ananyavudu@gmail.com    
KOLAGANI JERUSHA GRACE,  jerushakolagani@gmail.com   
 
  Team-5
    Nagireddy Venkata Jaswanth Reddy  nagireddy.jaswanthreddy@gmail.com    
    Mohammed Adnan  adnanmohammed092@gmail.com    
    Arjun Gandotra  gandotrarjun23@gmail.com    
    Chaitanya changala   Ugs18001_cse.chaitanya@cbit.org.in    
    Shruthi Kolan  shruthikolan13@gmail.com   
     
  Team-6
    K Surya  ugs19053_cse.surya@cbit.org.in    
    M V S Saket  saket99999999@gmail.com    
    P Nikhil Chandra  ugs19037_cse.nikhil@cbit.org.in    
    V.SRAVANI  sravanivarthyavath@gmail.com    
    Sreenija  sreenija.jakkula@gmail.com 
       
  Team-7
    N.N.S.C Tagore   naralasetty16shiva@gmail.com    
    Uday Kiran Reddy Nallagandla  ugs19056_cse.uday@cbit.org.in    
    Sai Ruthvik  sairuthvik07@gmail.com    
    Supriya Taduri  supriyataduri6602@gmail.com    
    Sathvika Katta  kattasathvika@gmail.com  
      
 Team-8 
 Amith Reddy amith2610@gmail.com    
  Mahendranath  mahejinkathoti@gmail.com  
   MARAM SAI NIVEDH KUMAR  sainivedh.maram@gmail.com    
 Varsha Miryala  ugs19021_cse.varsha@cbit.org.in    
 PRIYANKA MALAVATH  malavathpriyanka0408@gmail.com    
 
 Team-9 
 Bheema sai vaibhav  bheemasaivaibhav@gmail.com 
    Yashwanth Arshanapally  yashwanth.arshanapally@gmail.com    
    GANGA.BHANU TEJA  gangabhanuteja@gmail.com   
     
  Koppala Praneetha  praneetha282@gmail.com
   
      Laxmiprasanna varakuti  laxmiprasannavarakuti05@gmail.com
        
  Team-10
    Sravan Kumar Mustyala  mustyalasravan@gmail.com   
     lavudya manoj  manojlavudya3@gmail.com  
       Vazrapu Sai Bhanu Revanth  revanthsaibhanu@gmail.com  
         Anushka Boddu  anushkagoud29@gmail.com   
          Rama Rithika Kesharaju  rithika66645@gmail.com    
  
  Team-11
    Garigaboina Revanth Sai  revanthgarigaboina@gmail.com    
    Mohammed Zubair  mdzubair17221@gmail.com  
      MD SOHAIL  mohammedsohail78490@gmail.com   
       Sravani Narayandas  sravaninarayandas1729@gmail.com   
        Balimidi Bhavana  bhavanabalimidi52@gmail.com   
       
  Team-12
    Rohit Sunkara   rohitsunkara24@gmail.com  
      SRIPRANAV KUMAR MUKTEVI  pranavsri2001@gmail.com  
        Bhagath Vanga  bhagathvanga564@gmail.com   
         sunayana maddimadugu  maddimadugusunayana@gmail.com  
           Srija Nayakam  nayakamsrija@gmail.com    
 
  Team-13
    Anant Sharma  anant0407@gmail.com   
     Vinay Kasala  kasala.vinay@gmail.com   
      MADDI VARUN  maddivarun9@gmail.com   
       Eravelli Srividya  ugs19077_cse.srividya@cbit.org.in    
       Aashritha Rayala  aashritha.rayala99@gmail.com   
        
  Team-14
    Vikram  vikramvicky12321@gmail.com    
    Naidu sudheer  sudheerchowdary676@gmail.com    
    Thota Sai Chetan   t.saichetanpatel@gmail.com    
    Pantham Nikitha  ugs19008_it.nikitha@cbit.ac.in    
    Indhu Ramineni  indhuramineni1307@gmail.com
        
 
  Team-15
    Dharmateja. Eruparsapu  dharmateja1110@gmail.com    
    M PREMKUMAR GOUD  premgoud354@gmail.com    
    Mothkula Vinay Goud  mothkulavinaygoud@gmail.com    
    YS Mahati  mahatiys@gmail.com    
    Kanaparthy Deevena Mridhula  ugs19068_cse.deevena@cbit.org.in    
 
  Team-16
    P. Praveen Varma  varmamukesh374@gmail.com   
     Mohd Akram Rasheed  rasheedakram88@gmail.com   
      T L Saketh Siddartha  tl.sakethsiddartha@gmail.com   
       Nanditha Velagandula  nandithavelagandula3@gmail.com    
       Srihitha Reddy Talusani  srihitha.reddy23@gmail.com    
 
  Team-17
    ruhith shaik  ruhithsabir@gmail.com    
    Sakinala Sathvik  ugs19050_it.sathvik@cbit.ac.in    
    nikhil madagoni  nikhilmadagoni2001@gmail.com    
    Akanksha Kasturi  akanksha.kasturi18@gmail.com    
    C Chandrika  ugs19067_cse.chandrika@cbit.org.in    
 
  Team-18
    POTLACHERU THANDAVA KRISHNA  thandavakrishna1710@gmail.com    
    Anish Nimbalkar   anishnimbalkar@gmail.com    
    Sampath Konakanchi  sampathkonakanchi0007@gmail.com   
     Akshitha Singireddy  akshitha1302@gmail.com    
     Shreya Yamjala  shreyayamjala@gmail.com    
 
  Team-19
    Akshay Somisetty  somisettyakshay1@gmail.com   
     Abdul Muhaymin Mohammed  muhayminstar@gmail.com    
     GANESH TURAKA  ganeshthuraka72362@gmail.com   
      Dara Supriya  ugs18021_cse.supriya@cbit.org.in   
       V Kavya Shri  ugs19070_cse.kavya@cbit.org.in    
  
  Team-20
    Rakesh Byreddy  rakeshbyreddy00@gmail.com   
     Madhasu Prashanth kumar  madhasuprashanth15@gmail.com   
      Detha Anirudh Thutari  dethaanirudh01@gmail.com   
       P Sruthi  sruthi.potlapally@gmail.com   
        Sneharika Gaddam  sneharikagaddam2207@gmail.com    
  
  Team-21
    BHUTHAM MADHU  dcentmadhu@gmail.com    
    ANSHUL KRISHNA SOMANNAGARI  anshulkrishnas2020@gmail.com    
    Abdul Saber  mohdsaber2001@gmail.com   
     Praneetha Vemula  praneethav2001@gmail.com    
     Sahithya Nallabothula  sahithyanallabothula@gmail.com    
  
  Team-22
    Y.Ranga Nikhilesh  ranganikhilesh294@gmail.com    
    Shaik Muhammad Roshan  mrshaik2001@gmail.com   
     Anumala Sumedh  sumedhreddy26@gmail.com    
     Manasa Maliki Reddy  mmanasareddy09@gmail.com   
      C T RICHA BHAVANI  richabhavani@gmail.com    
  
  Team-23
    Manideep udumula  udumulamanideep158@gmail.com    
    MERLA JASWANTH  jaswanthmerla2002@gmail.com    
    Banoth Mahesh  banothmahesh789@gmail.com    
    Bhukya venkatesh   venkyyyyyy143@gmail.com   
     Avula Kamala Sameera  ugs19005_cse.kamala@cbit.org.in    
 
  Team-24
    Sai Jayanth  jayanthsaiadepu788@gmail.com    
    Vigna viraj jadhav  vignaviraj@gmail.com    
    Revanth goud   revanthgoud2001@gmail.com    
    mohammed touheed patel  mohammedtouheedpatel2k15@gmail.com   
     Lakshmi Anusha Wudali  anuwudali2001@gmail.com    
  
    
  
 
